frame,arousal,valence
0,-0.1374102234840393,-0.18618860840797424
1,-0.15182393789291382,-0.24651727080345154
2,-0.1441919505596161,-0.1773553192615509
3,-0.2164890319108963,-0.2851341664791107
4,-0.16680452227592468,-0.17244356870651245
5,-0.11616678535938263,-0.12575961649417877
6,-0.16615164279937744,-0.22733819484710693
7,-0.0764136016368866,-0.15526053309440613
8,-0.1643020212650299,-0.2536696493625641
9,-0.1809784471988678,-0.24601298570632935
10,-0.10489462316036224,-0.17309822142124176
11,-0.10347191989421844,-0.21197646856307983
12,-0.07482139766216278,-0.20755422115325928
13,-0.0801030844449997,-0.2043032944202423
14,-0.1259549856185913,-0.20097652077674866
15,-0.08900468796491623,-0.23533156514167786
16,-0.09000501036643982,-0.2234230637550354
17,-0.060175955295562744,-0.20433998107910156
18,-0.11427105218172073,-0.19672219455242157
19,-0.14517633616924286,-0.23495307564735413
20,-0.1768292784690857,-0.2566954493522644
21,-0.1477161943912506,-0.2082958221435547
22,-0.2305593341588974,-0.29975152015686035
23,-0.13372355699539185,-0.16400432586669922
24,-0.061541348695755005,-0.28334537148475647
25,-0.08018001914024353,-0.2424645721912384
26,-0.07012975215911865,-0.22127312421798706
27,-0.17726649343967438,-0.26436465978622437
28,-0.1648143231868744,-0.25979822874069214
29,-0.14407230913639069,-0.21669206023216248
30,-0.17909851670265198,-0.270799845457077
31,-0.11986120790243149,-0.23365631699562073
32,-0.10495776683092117,-0.20989656448364258
33,-0.10576686263084412,-0.21506622433662415
34,-0.11874768882989883,-0.20513582229614258
35,-0.12407468259334564,-0.21906164288520813
36,-0.17542904615402222,-0.26093724370002747
37,-0.11772194504737854,-0.21598845720291138
38,-0.1395576000213623,-0.23088860511779785
39,-0.15280583500862122,-0.257315069437027
40,-0.1257769763469696,-0.24986129999160767
41,-0.12138716876506805,-0.2412678599357605
42,-0.12293204665184021,-0.2208879292011261
43,-0.24976150691509247,-0.24067088961601257
44,-0.1469515860080719,-0.18667739629745483
45,-0.19856169819831848,-0.20765763521194458
46,-0.1220611035823822,-0.2051110565662384
47,-0.1682952493429184,-0.2369333803653717
48,-0.23523494601249695,-0.27631667256355286
49,-0.18244490027427673,-0.23199808597564697
50,-0.1433131992816925,-0.260601282119751
51,-0.1448318064212799,-0.24469980597496033
52,-0.19021816551685333,-0.2817743122577667
53,-0.1384715437889099,-0.2693328857421875
54,-0.1564428210258484,-0.26059576869010925
55,-0.2529461979866028,-0.28838804364204407
56,-0.19435200095176697,-0.26312553882598877
57,-0.27112680673599243,-0.3151119351387024
58,-0.15105704963207245,-0.28830090165138245
59,-0.10925307869911194,-0.2653419077396393
60,-0.11745183169841766,-0.2174152433872223
61,-0.10621261596679688,-0.18825048208236694
62,-0.2072487473487854,-0.17718586325645447
63,-0.16185730695724487,-0.24369612336158752
64,-0.12811459600925446,-0.23927685618400574
65,-0.09072975814342499,-0.1827094852924347
66,-0.11928824335336685,-0.17805378139019012
67,-0.10147131234407425,-0.211127370595932
68,-0.09206760674715042,-0.21180179715156555
69,-0.08343350887298584,-0.2369682788848877
70,-0.06487171351909637,-0.2140171229839325
71,-0.08977799117565155,-0.17036792635917664
72,-0.09186560660600662,-0.22685706615447998
73,-0.14567242562770844,-0.21238291263580322
74,-0.1439976990222931,-0.21421852707862854
75,-0.20454436540603638,-0.23184409737586975
76,-0.11236609518527985,-0.18592429161071777
77,-0.13458378612995148,-0.18730700016021729
78,-0.14441697299480438,-0.23049280047416687
79,-0.1378558874130249,-0.22275221347808838
80,-0.15400469303131104,-0.24332773685455322
81,-0.13800866901874542,-0.23217880725860596
82,-0.13079425692558289,-0.22292950749397278
83,-0.11670984327793121,-0.1977282464504242
84,-0.059572696685791016,-0.21287423372268677
85,-0.05985269695520401,-0.24988192319869995
86,-0.11099731922149658,-0.23611882328987122
87,-0.09725544601678848,-0.19787991046905518
88,-0.08803218603134155,-0.18767714500427246
89,-0.14163550734519958,-0.22112542390823364
90,-0.14505504071712494,-0.22645962238311768
91,-0.14396017789840698,-0.24244800209999084
92,-0.12269753217697144,-0.2208501696586609
93,-0.1327507197856903,-0.22826164960861206
94,-0.1355370730161667,-0.21878644824028015
95,-0.17388097941875458,-0.2757779359817505
96,-0.11917546391487122,-0.21092644333839417
97,-0.1353946030139923,-0.20943772792816162
98,-0.13357605040073395,-0.23454448580741882
99,-0.13494005799293518,-0.25020256638526917
100,-0.14427140355110168,-0.23845013976097107
101,-0.11662082374095917,-0.22907349467277527
102,-0.11681871861219406,-0.22334814071655273
103,-0.09391522407531738,-0.20547780394554138
104,-0.12255952507257462,-0.22766634821891785
105,-0.08846361935138702,-0.20401495695114136
106,-0.09606298804283142,-0.2092195302248001
107,-0.06375762820243835,-0.1913718283176422
108,-0.21408908069133759,-0.28348860144615173
109,-0.11199258267879486,-0.1505511999130249
110,-0.1178215891122818,-0.1715821623802185
111,-0.09388163685798645,-0.23490706086158752
112,-0.14908790588378906,-0.20196354389190674
113,-0.08158144354820251,-0.1730368733406067
114,-0.18984508514404297,-0.27610278129577637
115,-0.14442111551761627,-0.23690155148506165
116,-0.12999485433101654,-0.18892908096313477
117,-0.10810226202011108,-0.19740529358386993
118,-0.16554956138134003,-0.26762187480926514
119,-0.20723602175712585,-0.28802359104156494
120,-0.11796589195728302,-0.21951326727867126
121,-0.12925851345062256,-0.23190122842788696
122,-0.10294129699468613,-0.19473469257354736
123,-0.08416629582643509,-0.19509661197662354
124,-0.11833080649375916,-0.2429714798927307
125,-0.10865791887044907,-0.22615599632263184
126,-0.18164466321468353,-0.23320266604423523
127,-0.16953632235527039,-0.24094876646995544
128,-0.13802260160446167,-0.2567310333251953
129,-0.1838284432888031,-0.27459636330604553
130,-0.14196819067001343,-0.22925347089767456
131,-0.13084931671619415,-0.2169845998287201
132,-0.1390676200389862,-0.237562894821167
133,-0.11310596019029617,-0.2322099804878235
134,-0.17426460981369019,-0.2682177722454071
135,-0.115158811211586,-0.21556273102760315
136,-0.14665162563323975,-0.23897093534469604
137,-0.1356518268585205,-0.24877947568893433
138,-0.12590479850769043,-0.22515800595283508
139,-0.13759036362171173,-0.21949824690818787
140,-0.13436169922351837,-0.25417351722717285
141,-0.15666767954826355,-0.24418410658836365
142,-0.08775506168603897,-0.23554116487503052
143,-0.06534143537282944,-0.24677512049674988
144,-0.11671903729438782,-0.24446579813957214
145,-0.12453091144561768,-0.22739872336387634
146,-0.13876080513000488,-0.25863632559776306
147,-0.11841452121734619,-0.25024449825286865
148,-0.07603715360164642,-0.22865664958953857
149,-0.1259763240814209,-0.22018399834632874
150,-0.12639813125133514,-0.22874826192855835
151,-0.15735594928264618,-0.2324974536895752
152,-0.14265817403793335,-0.22890713810920715
153,-0.15920224785804749,-0.2364090383052826
154,-0.15792053937911987,-0.24265116453170776
155,-0.12968112528324127,-0.1980351209640503
156,-0.09251328557729721,-0.19583511352539062
157,-0.12473536282777786,-0.21835285425186157
158,-0.17092251777648926,-0.24314308166503906
159,-0.17102670669555664,-0.21424001455307007
160,-0.14740772545337677,-0.20097646117210388
161,-0.13906162977218628,-0.20970851182937622
162,-0.16407886147499084,-0.22097671031951904
163,-0.13090255856513977,-0.20789924263954163
164,-0.22822082042694092,-0.19599750638008118
165,-0.13858529925346375,-0.2073945701122284
166,-0.15232792496681213,-0.22989192605018616
167,-0.1405288279056549,-0.24892354011535645
168,-0.12621881067752838,-0.2252214252948761
169,-0.2249670922756195,-0.23245534300804138
170,-0.09992175549268723,-0.23751673102378845
171,-0.12199905514717102,-0.14699240028858185
172,-0.15180283784866333,-0.24216187000274658
173,-0.12728333473205566,-0.2363395094871521
174,-0.1405315399169922,-0.22875630855560303
175,-0.18269328773021698,-0.22640419006347656
176,-0.12599974870681763,-0.23926979303359985
177,-0.17590172588825226,-0.2530994415283203
178,-0.18409252166748047,-0.25541558861732483
179,-0.16273903846740723,-0.25325724482536316
180,-0.14193814992904663,-0.2172248363494873
181,-0.11943972855806351,-0.20106381177902222
182,-0.11845502257347107,-0.19890743494033813
183,-0.2154964655637741,-0.2513645887374878
184,-0.11850407719612122,-0.20007731020450592
185,-0.1599111557006836,-0.22425583004951477
186,-0.1701158732175827,-0.23984184861183167
187,-0.1824904829263687,-0.2539390027523041
188,-0.1876886785030365,-0.2532351613044739
189,-0.1673825979232788,-0.22779399156570435
190,-0.13966013491153717,-0.2221340835094452
191,-0.12330871820449829,-0.2022656798362732
192,-0.1349290907382965,-0.17752207815647125
193,-0.09747443348169327,-0.19733616709709167
194,-0.08371616899967194,-0.17666608095169067
195,-0.11739881336688995,-0.19266608357429504
196,-0.049217596650123596,-0.20521280169487
197,-0.07875826954841614,-0.20384900271892548
198,-0.09221167117357254,-0.19781702756881714
199,-0.12467440962791443,-0.2161215841770172
200,-0.14618796110153198,-0.20591220259666443
201,-0.1534547358751297,-0.22531536221504211
202,-0.15850403904914856,-0.21427688002586365
203,-0.14148065447807312,-0.20374426245689392
204,-0.185514897108078,-0.2731986343860626
205,-0.18619795143604279,-0.2751047909259796
206,-0.19090217351913452,-0.19021844863891602
207,-0.11550275981426239,-0.17445144057273865
208,-0.2069762498140335,-0.19899120926856995
209,-0.22504930198192596,-0.1986369490623474
210,-0.20101706683635712,-0.17513391375541687
211,-0.12546083331108093,-0.2001030445098877
212,-0.12947745621204376,-0.19979220628738403
213,-0.11596609652042389,-0.16358083486557007
214,-0.16979530453681946,-0.2258705496788025
215,-0.2814316749572754,-0.30857136845588684
216,-0.1570097953081131,-0.2459692358970642
217,-0.3160276412963867,-0.3006439507007599
218,-0.26505666971206665,-0.2663918137550354
219,-0.31688281893730164,-0.30580592155456543
220,-0.17562627792358398,-0.27255624532699585
221,-0.15072955191135406,-0.2227424681186676
222,-0.1169523373246193,-0.22957909107208252
223,-0.15299277007579803,-0.23781487345695496
224,-0.09673970937728882,-0.2174781858921051
225,-0.08835779130458832,-0.216119647026062
226,-0.2339303195476532,-0.30441609025001526
227,-0.17587220668792725,-0.2339334785938263
228,-0.268817663192749,-0.3254072070121765
229,-0.1499442756175995,-0.26591846346855164
230,-0.168876051902771,-0.25835520029067993
231,-0.17398187518119812,-0.26496416330337524
232,-0.26601442694664,-0.29926958680152893
233,-0.1318654716014862,-0.21479585766792297
234,-0.11998090893030167,-0.19301176071166992
235,-0.10439459979534149,-0.2283911406993866
236,-0.15573875606060028,-0.232754647731781
237,-0.14288213849067688,-0.24523580074310303
238,-0.18417051434516907,-0.2536759078502655
239,-0.17417830228805542,-0.1966215968132019
240,-0.11803540587425232,-0.1976948082447052
241,-0.23870444297790527,-0.20658518373966217
242,-0.2420971542596817,-0.26873692870140076
243,-0.09493495523929596,-0.27474528551101685
244,-0.1089886873960495,-0.25103437900543213
245,-0.136230006814003,-0.2865910828113556
246,-0.07694825530052185,-0.26790106296539307
247,-0.08332580327987671,-0.2641114592552185
248,-0.19132664799690247,-0.2445811927318573
249,-0.1939733624458313,-0.2770615816116333
250,-0.21643301844596863,-0.27599087357521057
251,-0.1736527681350708,-0.26815560460090637
252,-0.11383060365915298,-0.20257380604743958
253,-0.0990334004163742,-0.2255505919456482
254,-0.07331579923629761,-0.2421536147594452
255,-0.0846393033862114,-0.19832196831703186
256,-0.133271262049675,-0.25317931175231934
257,-0.0341855064034462,-0.2216109335422516
258,-0.06407801061868668,-0.2358260452747345
259,-0.14542809128761292,-0.2245589792728424
260,-0.1881643682718277,-0.2561087906360626
261,-0.1155921220779419,-0.16763249039649963
262,-0.1211095079779625,-0.26816222071647644
263,-0.13232602179050446,-0.2525635361671448
264,-0.2389579713344574,-0.29520848393440247
265,-0.18851709365844727,-0.2769518196582794
266,-0.13287582993507385,-0.22180232405662537
267,-0.1512530893087387,-0.2978740334510803
268,-0.11970255523920059,-0.28193002939224243
269,-0.16827699542045593,-0.2984549105167389
270,-0.2038564682006836,-0.3259718418121338
271,-0.26407232880592346,-0.3817797005176544
272,-0.25320667028427124,-0.3654654622077942
273,-0.17106667160987854,-0.277479887008667
274,-0.11463350057601929,-0.2466893196105957
275,-0.1521264761686325,-0.2790871560573578
276,-0.11587484180927277,-0.25278592109680176
277,-0.18752609193325043,-0.2915916442871094
278,-0.1228262186050415,-0.25460317730903625
279,-0.08463041484355927,-0.2299850583076477
280,-0.09872269630432129,-0.2467331886291504
281,-0.16132894158363342,-0.2720274329185486
282,-0.10142093151807785,-0.2721231281757355
283,-0.10927096754312515,-0.22146233916282654
284,-0.07575856149196625,-0.24786022305488586
285,-0.08854606002569199,-0.2397734522819519
286,-0.08760309964418411,-0.21751293540000916
287,-0.12065742164850235,-0.24214410781860352
288,-0.07095366716384888,-0.21741056442260742
289,-0.08317284286022186,-0.21685904264450073
290,-0.06998158991336823,-0.22533825039863586
291,-0.11157619953155518,-0.24249932169914246
292,-0.10625866800546646,-0.23546522855758667
293,-0.09927783161401749,-0.24385985732078552
294,-0.13014531135559082,-0.23027941584587097
295,-0.09874044358730316,-0.22373872995376587
296,-0.08627435564994812,-0.20724979043006897
297,-0.10111936181783676,-0.19478967785835266
298,-0.08061623573303223,-0.20484943687915802
299,-0.06559230387210846,-0.20218169689178467
300,-0.0732969343662262,-0.23156580328941345
301,-0.0564374104142189,-0.216773122549057
302,-0.06681358069181442,-0.22912123799324036
303,-0.08480589836835861,-0.2288120687007904
304,-0.09250697493553162,-0.2273334264755249
305,-0.09739000350236893,-0.25913891196250916
306,-0.11034754663705826,-0.23822474479675293
307,-0.10318398475646973,-0.23309069871902466
308,-0.11067034304141998,-0.24881485104560852
309,-0.08823861181735992,-0.2316334843635559
310,-0.060644976794719696,-0.23286744952201843
311,-0.06289734691381454,-0.23341280221939087
312,-0.05714106559753418,-0.20189091563224792
313,-0.06819344311952591,-0.18511730432510376
314,-0.07440010458230972,-0.2287871241569519
315,-0.08847028762102127,-0.2562633752822876
316,-0.1052664965391159,-0.25280827283859253
317,-0.08602261543273926,-0.20870843529701233
318,-0.0762471929192543,-0.20271944999694824
319,-0.06937427818775177,-0.18943831324577332
320,-0.0753365233540535,-0.2220209538936615
321,-0.05961295962333679,-0.1979198306798935
322,-0.09574214369058609,-0.1935238242149353
323,-0.06830388307571411,-0.19543254375457764
324,-0.07506110519170761,-0.22001519799232483
325,-0.10707016289234161,-0.2145994007587433
326,-0.11227572709321976,-0.24656781554222107
327,-0.09346695989370346,-0.23003649711608887
328,-0.10283885896205902,-0.18473684787750244
329,-0.08477269858121872,-0.23316127061843872
330,-0.09887892752885818,-0.24428316950798035
331,-0.08277656137943268,-0.19927245378494263
332,-0.08128955215215683,-0.20841121673583984
333,-0.06800510734319687,-0.23929333686828613
334,-0.08867920935153961,-0.2441784143447876
335,-0.09983851760625839,-0.21531498432159424
336,-0.04608861356973648,-0.20100583136081696
337,-0.08581286668777466,-0.22629114985466003
338,-0.06551253795623779,-0.24482461810112
339,-0.08525808900594711,-0.2361760139465332
340,-0.06598296761512756,-0.25807297229766846
341,-0.044438593089580536,-0.2726668119430542
342,-0.04800012707710266,-0.26449477672576904
343,-0.04545624554157257,-0.23318564891815186
344,-0.01618032157421112,-0.26722127199172974
345,-0.0003588348627090454,-0.22559082508087158
346,-0.04207660257816315,-0.2435852587223053
347,-0.08217399567365646,-0.26601728796958923
348,-0.11725310981273651,-0.2366628646850586
349,-0.11742137372493744,-0.24766406416893005
350,-0.06790024042129517,-0.22838130593299866
351,-0.06994584947824478,-0.23156359791755676
352,-0.09793177247047424,-0.2140142023563385
353,-0.08764831721782684,-0.2563457787036896
354,-0.05992744863033295,-0.2163408100605011
355,-0.06807054579257965,-0.19692569971084595
356,-0.05957876890897751,-0.26667600870132446
357,-0.08564784377813339,-0.20671063661575317
358,-0.08351027220487595,-0.20886322855949402
359,-0.09374706447124481,-0.221355140209198
360,-0.04450102895498276,-0.23366546630859375
361,-0.07519858330488205,-0.22129568457603455
362,-0.08410660922527313,-0.22932276129722595
363,-0.07646220922470093,-0.22724974155426025
364,-0.11153996735811234,-0.26847103238105774
365,-0.11386694014072418,-0.3018030524253845
366,-0.14169785380363464,-0.2963290214538574
367,-0.09510146081447601,-0.2362222969532013
368,-0.08147186785936356,-0.23759612441062927
369,-0.13289330899715424,-0.2770537734031677
370,-0.11054553836584091,-0.2583543658256531
371,-0.09570927172899246,-0.2544342279434204
372,-0.11746495962142944,-0.2571181058883667
373,-0.07460598647594452,-0.2565669119358063
374,-0.05057497322559357,-0.21214205026626587
375,-0.07941705733537674,-0.24754929542541504
376,-0.06157486140727997,-0.2538798749446869
377,-0.09467068314552307,-0.24099180102348328
378,-0.12810258567333221,-0.26617231965065
379,-0.20008772611618042,-0.29224711656570435
380,-0.14887909591197968,-0.2813340127468109
381,-0.20030371844768524,-0.27620744705200195
382,-0.1016593724489212,-0.2524368464946747
383,-0.11587101221084595,-0.23307597637176514
384,-0.02032884955406189,-0.24848788976669312
385,-0.057446032762527466,-0.21799126267433167
386,-0.03855055570602417,-0.20340880751609802
387,-0.10754022002220154,-0.19004878401756287
388,-0.16728323698043823,-0.24599158763885498
389,-0.1318068504333496,-0.2590751647949219
390,-0.1558908075094223,-0.24955585598945618
391,-0.1833912879228592,-0.2826272249221802
392,-0.07261736690998077,-0.2630539536476135
393,-0.0862393006682396,-0.2658381164073944
394,-0.10869240760803223,-0.23187923431396484
395,-0.11604683846235275,-0.2518197298049927
396,-0.09153882414102554,-0.22020968794822693
397,-0.07559934258460999,-0.21909770369529724
398,-0.08966706693172455,-0.2538302540779114
399,-0.09222104400396347,-0.20648634433746338
400,-0.15229931473731995,-0.2676289677619934
401,-0.10577581822872162,-0.22187241911888123
402,-0.14688052237033844,-0.24179691076278687
403,-0.12794172763824463,-0.23185786604881287
404,-0.15413707494735718,-0.2471952736377716
405,-0.13081467151641846,-0.23633158206939697
406,-0.10918442904949188,-0.23439466953277588
407,-0.1314227283000946,-0.250808984041214
408,-0.07094690948724747,-0.23523840308189392
409,-0.10888338088989258,-0.22302135825157166
410,-0.12244494259357452,-0.23373520374298096
411,-0.12164539098739624,-0.26458340883255005
412,-0.13526205718517303,-0.2410937249660492
413,-0.11153246462345123,-0.23301470279693604
414,-0.14638149738311768,-0.24544498324394226
415,-0.14382903277873993,-0.28874701261520386
416,-0.1036929041147232,-0.19431596994400024
417,-0.1026545912027359,-0.20428407192230225
418,-0.17937427759170532,-0.24710354208946228
419,-0.13262657821178436,-0.22856193780899048
420,-0.06233108043670654,-0.22111296653747559
421,-0.11414232850074768,-0.22655346989631653
422,-0.13788452744483948,-0.2517882287502289
423,-0.11482605338096619,-0.2512045204639435
424,-0.09150382876396179,-0.24065789580345154
425,-0.12674154341220856,-0.2566998302936554
426,-0.14982002973556519,-0.27608752250671387
427,-0.09570407122373581,-0.24202468991279602
428,-0.1106427013874054,-0.2476854920387268
429,-0.11278598010540009,-0.2432662546634674
430,-0.08901005983352661,-0.22959810495376587
431,-0.10262835770845413,-0.2406432032585144
432,-0.10571063309907913,-0.25661566853523254
433,-0.08458256721496582,-0.2350923717021942
434,-0.0724962055683136,-0.23913243412971497
435,-0.062061093747615814,-0.21398362517356873
436,-0.07283445447683334,-0.2410602569580078
437,-0.08766335248947144,-0.25055238604545593
438,-0.08806027472019196,-0.21761780977249146
439,-0.072881780564785,-0.2221595048904419
440,-0.09042055159807205,-0.21107760071754456
441,-0.09193292260169983,-0.2285178303718567
442,-0.07495345920324326,-0.24792787432670593
443,-0.13582518696784973,-0.26096436381340027
444,-0.0992952510714531,-0.24289989471435547
445,-0.07761333882808685,-0.2117917239665985
446,-0.12394361197948456,-0.2710196375846863
447,-0.13852328062057495,-0.2860494554042816
448,-0.11447571218013763,-0.27196377515792847
449,-0.07852084189653397,-0.21282848715782166
450,-0.08000102639198303,-0.20061352849006653
451,-0.06491845846176147,-0.21633672714233398
452,-0.062486402690410614,-0.21397429704666138
453,-0.08135810494422913,-0.21804675459861755
454,-0.04704943299293518,-0.19926655292510986
455,-0.04934811592102051,-0.21293434500694275
456,-0.05936702340841293,-0.2093360424041748
457,-0.08064930140972137,-0.19495916366577148
458,-0.08150401711463928,-0.17308153212070465
459,-0.08747212588787079,-0.17303913831710815
460,-0.10301117599010468,-0.22741293907165527
461,-0.119439035654068,-0.24417179822921753
462,-0.11406528949737549,-0.24715521931648254
463,-0.07625438272953033,-0.24783164262771606
464,-0.055842071771621704,-0.21513885259628296
465,-0.04714637249708176,-0.1811148226261139
466,-0.05025400221347809,-0.1449652910232544
467,-0.03715275973081589,-0.12408319860696793
468,-0.04126971215009689,-0.14390011131763458
469,-0.07021777331829071,-0.14745020866394043
470,-0.017183080315589905,-0.12522178888320923
471,-0.010476440191268921,-0.08231541514396667
472,-0.029859237372875214,-0.12420864403247833
473,0.009725004434585571,-0.13713733851909637
474,-0.01463097333908081,-0.13547289371490479
475,-0.03053947538137436,-0.13342982530593872
476,-0.07584386318922043,-0.1793898493051529
477,-0.07627194374799728,-0.22618913650512695
478,-0.08062493801116943,-0.2347903549671173
479,-0.07239644229412079,-0.2482660710811615
480,-0.11051934957504272,-0.2685304284095764
481,-0.06024474650621414,-0.2416245937347412
482,-0.08188357204198837,-0.2178618311882019
483,-0.052763521671295166,-0.22919943928718567
484,-0.05099193751811981,-0.1989671289920807
485,-0.045526787638664246,-0.21312662959098816
486,-0.03844863921403885,-0.1921699345111847
487,-0.0471029207110405,-0.22596609592437744
488,-0.03914838284254074,-0.2249467670917511
489,-0.030394069850444794,-0.22339746356010437
490,-0.05009571462869644,-0.21670126914978027
491,-0.05301755666732788,-0.22711914777755737
492,-0.07718560099601746,-0.22457385063171387
493,-0.07866045087575912,-0.2643198072910309
494,-0.07158598303794861,-0.25958606600761414
495,-0.060253940522670746,-0.24838787317276
496,-0.06631170213222504,-0.23288506269454956
497,-0.07941699773073196,-0.23239776492118835
498,-0.04984551668167114,-0.17958703637123108
499,-0.05201677232980728,-0.17712268233299255
500,-0.04973331093788147,-0.16810297966003418
501,-0.04818017780780792,-0.1591353714466095
502,-0.04980040341615677,-0.15304484963417053
503,-0.06507666409015656,-0.22259119153022766
504,-0.07091587036848068,-0.21666988730430603
505,-0.04787161946296692,-0.1361914873123169
506,-0.046704769134521484,-0.13400691747665405
507,-0.05347245931625366,-0.15088200569152832
508,-0.04914132505655289,-0.16022023558616638
509,-0.04687272012233734,-0.10322784632444382
510,-0.037464722990989685,-0.13454407453536987
511,-0.03225038945674896,-0.1070323958992958
512,0.01413213461637497,-0.06288491189479828
513,0.024223774671554565,-0.07476020604372025
514,0.009383395314216614,-0.08985704183578491
515,-0.03062741458415985,-0.1351652294397354
516,0.019664540886878967,-0.010981656610965729
517,-0.012883409857749939,-0.04891936480998993
518,0.044649288058280945,-0.03265640512108803
519,0.00273992121219635,-0.08563581854104996
520,-0.03619993478059769,-0.11549204587936401
521,-0.031144127249717712,-0.08235473185777664
522,-0.005659811198711395,-0.1121448501944542
523,0.004617273807525635,-0.07145263999700546
524,0.0013757497072219849,-0.08351510018110275
525,0.030228838324546814,-0.04725267365574837
526,0.024623729288578033,-0.0654030367732048
527,0.007783666253089905,-0.12716621160507202
528,0.03114543855190277,-0.07004740089178085
529,0.02776867151260376,-0.056778114289045334
530,0.015017442405223846,-0.08253423124551773
531,0.00747111439704895,-0.04047665745019913
532,-0.007519237697124481,-0.06547656655311584
533,-0.014604851603507996,-0.09164898842573166
534,0.004018113017082214,-0.12873467803001404
535,-0.02915148437023163,-0.166864275932312
536,-0.0019359812140464783,-0.14827702939510345
537,0.056355372071266174,-0.12184612452983856
538,0.002438850700855255,-0.2093464732170105
539,-0.016187772154808044,-0.15649330615997314
540,-0.027343884110450745,-0.13698357343673706
541,-0.015658162534236908,-0.08045518398284912
542,-0.023969732224941254,-0.12211000919342041
543,-0.022662341594696045,-0.13068324327468872
544,0.06648648530244827,0.026972897350788116
545,0.0071819499135017395,-0.06526530534029007
546,0.03383609652519226,-0.022890768945217133
547,0.008163198828697205,-0.09720546752214432
548,0.058273494243621826,-0.08212188631296158
549,0.02580791711807251,-0.07422968745231628
550,0.06259426474571228,-0.02417849749326706
551,-0.048548623919487,-0.18579016625881195
552,0.00954420119524002,-0.10224492847919464
553,-0.005809694528579712,-0.12516537308692932
554,-0.007707148790359497,-0.12025656551122665
555,4.725158214569092e-05,-0.13687245547771454
556,-0.003177821636199951,-0.10128685086965561
557,-0.022058039903640747,-0.11293911933898926
558,0.010261833667755127,-0.08905605971813202
559,0.029216833412647247,-0.08934938162565231
560,0.040528617799282074,-0.04587408900260925
561,0.09828068315982819,6.57886266708374e-05
562,0.001646965742111206,-0.1411024034023285
563,-0.06528913229703903,-0.231074720621109
564,-0.07626032829284668,-0.16285637021064758
565,-0.05062107741832733,-0.1340695023536682
566,-0.06085457652807236,-0.18344134092330933
567,-0.11906309425830841,-0.2563159465789795
568,-0.052651092410087585,-0.17245039343833923
569,-0.08870580792427063,-0.2129693478345871
570,-0.06870786845684052,-0.1769997775554657
571,-0.12325478345155716,-0.19623571634292603
572,-0.07516855001449585,-0.2307581603527069
573,-0.01562599092721939,-0.12740646302700043
574,-0.011678539216518402,-0.17070935666561127
575,-0.02257903665304184,-0.140237495303154
576,0.03255445510149002,-0.07940603792667389
577,0.026880189776420593,-0.07191933691501617
578,0.09200862050056458,-0.10933883488178253
579,0.07260370254516602,-0.13581430912017822
580,0.07725441455841064,-0.07930430769920349
581,0.09025922417640686,-0.018935799598693848
582,0.16768509149551392,-0.035410284996032715
583,0.16481253504753113,-0.04161141440272331
584,0.06910768151283264,-0.09282004833221436
585,0.06167040765285492,-0.11758783459663391
586,0.06971888989210129,-0.09353344142436981
587,0.051995739340782166,-0.18788118660449982
588,-0.019132643938064575,-0.10923408716917038
589,-0.01902804523706436,-0.16855433583259583
590,-0.014521829783916473,-0.12980347871780396
591,-0.010832779109477997,-0.13593119382858276
592,-0.0005799159407615662,-0.12068817019462585
593,0.03500676155090332,-0.08701909333467484
594,0.04217839986085892,-0.16023801267147064
595,-0.026768498122692108,-0.21713587641716003
596,-0.04917342960834503,-0.22773170471191406
597,-0.018735289573669434,-0.1499820351600647
598,-0.04180824011564255,-0.169460266828537
599,-0.047365084290504456,-0.1766742765903473
600,0.03080381453037262,-0.09109063446521759
601,-0.001604035496711731,-0.14266353845596313
602,-0.02061762660741806,-0.10271438956260681
603,0.006228417158126831,-0.09981578588485718
604,0.027711525559425354,-0.10525950789451599
605,-0.011810563504695892,-0.1446831375360489
606,-0.008459888398647308,-0.09405437111854553
607,-0.014937616884708405,-0.13415196537971497
608,-0.0011833906173706055,-0.1019197404384613
609,0.033249951899051666,-0.09599243849515915
610,0.017496995627880096,-0.09307831525802612
611,0.011294335126876831,-0.14701685309410095
612,-0.11025998741388321,-0.25722309947013855
613,-0.04968274384737015,-0.1601560413837433
614,-0.008647270500659943,-0.1299673616886139
615,-0.002211935818195343,-0.15001517534255981
616,-0.02344421297311783,-0.1571679413318634
617,-0.11172758042812347,-0.1652383804321289
618,-0.018828921020030975,-0.10863800346851349
619,-0.010817967355251312,-0.1400892436504364
620,-0.032839223742485046,-0.2034381926059723
621,-0.026208162307739258,-0.10226041078567505
622,-0.01741277426481247,-0.09442077577114105
623,-0.02323194593191147,-0.14507395029067993
624,-0.024544060230255127,-0.13980208337306976
625,-0.044346924871206284,-0.11458601802587509
626,-0.03474446386098862,-0.13339023292064667
627,-0.03454059362411499,-0.10225478559732437
628,-0.02729637175798416,-0.10296006500720978
629,-0.0618768036365509,-0.10787937045097351
630,-0.05385887622833252,-0.122884102165699
631,-0.046182505786418915,-0.1317244917154312
632,-0.05349148064851761,-0.12276951223611832
633,-0.038429491221904755,-0.13798651099205017
634,-0.030229508876800537,-0.1286952644586563
635,-0.04536024481058121,-0.11995497345924377
636,-0.09269818663597107,-0.18841753900051117
637,-0.05338267982006073,-0.16750788688659668
638,-0.06584104150533676,-0.214933842420578
639,-0.013580560684204102,-0.10862365365028381
640,-0.011585921049118042,-0.2210942804813385
641,-0.036172911524772644,-0.24883681535720825
642,-0.03551843762397766,-0.1670026332139969
643,-0.038581185042858124,-0.14910846948623657
644,-0.04837466776371002,-0.11669768393039703
645,-0.023131415247917175,-0.1444985270500183
646,-0.0767749547958374,-0.18352824449539185
647,-0.14172890782356262,-0.15561601519584656
648,-0.04139869660139084,-0.11298754066228867
649,-0.07377911359071732,-0.1950441151857376
650,-0.08756808936595917,-0.20738878846168518
651,-0.07723542302846909,-0.16967493295669556
652,-0.07977739721536636,-0.1728072315454483
653,-0.06022295355796814,-0.16272549331188202
654,-0.25862962007522583,-0.17415036261081696
655,-0.14346528053283691,-0.1677413284778595
656,-0.25878965854644775,-0.22559794783592224
657,-0.031704969704151154,-0.14368084073066711
658,0.06511484086513519,-0.13560539484024048
659,-0.006959706544876099,-0.20506173372268677
660,-0.07762965559959412,-0.08390495181083679
661,-0.08718885481357574,-0.1298922449350357
662,-0.1145225241780281,-0.10725273191928864
663,-0.11880789697170258,-0.10089091956615448
664,0.011196933686733246,-0.13859665393829346
665,-0.14872583746910095,-0.10855467617511749
666,-0.15127092599868774,-0.10270294547080994
667,-0.14737144112586975,-0.11654622107744217
668,-0.20198096334934235,-0.09661737084388733
669,-0.09062179923057556,-0.11137878894805908
670,-0.11121005564928055,-0.09455660730600357
671,0.019429311156272888,-0.05798560753464699
672,0.014607138931751251,-0.10365098714828491
673,0.0029044896364212036,-0.0968237817287445
674,-0.047421008348464966,-0.09817221760749817
675,-0.23299282789230347,-0.08626705408096313
676,-0.2787036597728729,-0.09048603475093842
677,-0.17573122680187225,-0.09738452732563019
678,-0.17350369691848755,-0.09049999713897705
679,-0.31493985652923584,-0.12420454621315002
680,-0.2946128845214844,-0.16625496745109558
681,-0.186039000749588,-0.07296863198280334
682,-0.22741001844406128,-0.13734741508960724
683,-0.31648868322372437,-0.17074373364448547
684,-0.08998636156320572,-0.08149471133947372
685,-0.12019024789333344,-0.11403827369213104
686,0.24019938707351685,-0.1131298840045929
687,0.32963305711746216,-0.1637631356716156
688,0.2802967429161072,-0.14732150733470917
689,0.19761911034584045,-0.15792956948280334
690,0.1937718689441681,-0.15311843156814575
691,0.2558537721633911,-0.1267082542181015
692,0.2532612085342407,-0.059894952923059464
693,0.11781072616577148,-0.1297634243965149
694,0.05507711321115494,-0.12943962216377258
695,0.12471511960029602,-0.17767807841300964
696,0.00816848874092102,-0.09922559559345245
697,0.05336809158325195,-0.09836445748806
698,0.11805760860443115,-0.10770602524280548
699,0.3983537256717682,0.006325356662273407
700,0.4234148859977722,0.1246267631649971
701,0.39026370644569397,-0.06445649266242981
702,0.3193015456199646,0.09607506543397903
703,0.389094740152359,0.033510722219944
704,0.25783297419548035,0.120876245200634
705,0.31509310007095337,0.1291961967945099
706,0.32439082860946655,0.008679784834384918
707,0.25716257095336914,0.03395409137010574
708,-0.08804309368133545,0.08297523111104965
709,0.12171351909637451,0.0860675647854805
710,0.22998905181884766,0.1592569649219513
711,0.2709766626358032,0.13260889053344727
712,0.14846594631671906,-0.011335127055644989
713,0.24962961673736572,0.08492230623960495
714,0.18674805760383606,-0.018288634717464447
715,0.2837555408477783,0.09388936311006546
716,0.22000092267990112,0.022650636732578278
717,0.2450980246067047,0.0930933728814125
718,0.15632283687591553,0.04892093688249588
719,0.15353436768054962,0.14275476336479187
720,0.031504496932029724,0.09106329828500748
721,-0.014954797923564911,0.06295766681432724
722,0.30590149760246277,0.20111581683158875
723,0.23421022295951843,0.09205948561429977
724,0.16381190717220306,0.015460081398487091
725,0.2299530804157257,0.1554667055606842
726,0.20803594589233398,0.1521902084350586
727,0.06232792139053345,-0.014754042029380798
728,0.10958994925022125,0.040013737976551056
729,0.2446042001247406,0.12411613017320633
730,0.195399671792984,0.004547782242298126
731,0.18487262725830078,0.08291912823915482
732,0.37169158458709717,0.2125939428806305
733,0.4314382076263428,0.19990971684455872
734,0.364036500453949,0.1969650387763977
735,0.38516172766685486,0.13401350378990173
736,0.3822712302207947,0.14971593022346497
737,0.27294087409973145,0.11051633208990097
738,0.374204158782959,0.240654855966568
739,0.4727705717086792,0.2856009304523468
740,0.48652923107147217,0.367541640996933
741,0.32162585854530334,0.260788232088089
742,0.30296576023101807,0.19511958956718445
743,0.32432955503463745,0.23724129796028137
744,0.34780174493789673,0.20612606406211853
745,0.3129337430000305,0.18669748306274414
746,0.31688883900642395,0.1985284984111786
747,0.38942432403564453,0.23709812760353088
748,0.38878801465034485,0.10626480728387833
749,0.39742982387542725,0.05702913552522659
750,0.368622362613678,0.09952426701784134
751,0.3500482141971588,0.23251143097877502
752,0.2885392904281616,0.23033258318901062
753,0.3286595344543457,0.24627870321273804
754,0.3346030116081238,0.3111020028591156
755,0.3898923099040985,0.345855176448822
756,0.5077964067459106,0.3974224925041199
757,0.4562298059463501,0.3978634178638458
758,0.2994285821914673,0.26182159781455994
759,0.35257673263549805,0.3091968297958374
760,0.4277796149253845,0.2775438725948334
761,0.4161221385002136,0.3261805474758148
762,0.3988158702850342,0.4208057224750519
763,0.38522589206695557,0.32103005051612854
764,0.3852611482143402,0.2887226343154907
765,0.25354671478271484,0.19648706912994385
766,0.1851276010274887,0.09969992190599442
767,0.13033127784729004,0.14846649765968323
768,0.2373320460319519,0.18197345733642578
769,0.21494507789611816,0.20449909567832947
770,0.3496236503124237,0.2076665461063385
771,0.22141730785369873,0.15354955196380615
772,0.3473864793777466,0.18002095818519592
773,0.34021279215812683,0.1681545078754425
774,0.05557345598936081,0.0770673081278801
775,0.030447453260421753,0.06107788532972336
776,0.04993534833192825,0.06770844012498856
777,0.06472545862197876,0.06632522493600845
778,0.022501759231090546,0.05616391450166702
779,0.344252347946167,-0.08780091255903244
780,0.3150010108947754,0.038215987384319305
781,0.4795205593109131,0.1564355492591858
782,0.3833390772342682,0.1209515854716301
783,0.07233189046382904,0.0986161008477211
784,-0.03224485367536545,0.11686324328184128
785,0.014481186866760254,0.12780600786209106
786,-0.002482876181602478,0.16223061084747314
787,0.2655094563961029,0.14523860812187195
788,0.21053093671798706,0.13941961526870728
789,0.08486723899841309,0.1949719488620758
790,0.5442832112312317,0.4813138544559479
791,0.6275967359542847,0.6075685024261475
792,0.6343061327934265,0.6474326252937317
793,0.6264982223510742,0.7293217182159424
794,0.28443050384521484,0.7917249798774719
795,0.1419226974248886,0.2836903929710388
796,-0.053978241980075836,0.13967296481132507
797,0.05657998472452164,0.2677737772464752
798,0.03943599760532379,0.21527376770973206
799,0.09111690521240234,0.2327125072479248
800,0.334972083568573,0.36112654209136963
801,0.47677481174468994,0.4013667702674866
802,0.5285002589225769,0.4114331901073456
803,0.5189260840415955,0.40995147824287415
804,0.4969049096107483,0.3320566415786743
805,0.5098226070404053,0.3025982081890106
806,0.5145623683929443,0.2865337133407593
807,0.543159008026123,0.36288824677467346
808,0.572371780872345,0.3969162404537201
809,0.6348782181739807,0.40389284491539
810,0.6206335425376892,0.45260074734687805
811,0.6421715021133423,0.4653739035129547
812,0.5907993912696838,0.3626638352870941
813,0.5499318242073059,0.37922826409339905
814,0.41407036781311035,0.29492536187171936
815,0.3325967788696289,0.3269086480140686
816,0.3937373459339142,0.46106472611427307
817,0.3901890814304352,0.39337483048439026
818,0.3743075430393219,0.4497809112071991
819,0.3842751383781433,0.4114275872707367
820,0.4283795952796936,0.3575552999973297
821,0.5053009390830994,0.3600058853626251
822,0.5235615968704224,-0.16027846932411194
823,0.28047090768814087,-0.4463813602924347
824,0.43295180797576904,0.29239317774772644
825,0.49283552169799805,0.40445268154144287
826,0.49936771392822266,0.0538104847073555
827,0.45591700077056885,0.18661275506019592
828,0.28798460960388184,0.03950890153646469
829,0.16755831241607666,-0.14509166777133942
830,0.17353908717632294,-0.16269388794898987
831,0.24681368470191956,-0.08266456425189972
832,0.33288612961769104,0.05593816190958023
833,0.35263824462890625,0.1485465168952942
834,0.36121535301208496,0.221348375082016
835,0.4059045910835266,0.1961435079574585
836,0.39241117238998413,0.3726087510585785
837,0.4096856117248535,0.38301217555999756
838,0.36864742636680603,0.3750990927219391
839,0.4309667944908142,0.4204995334148407
840,0.32920151948928833,0.41349664330482483
841,0.4401845633983612,0.4284074604511261
842,0.3533121347427368,0.4094882607460022
843,0.3265853524208069,0.34448930621147156
844,0.14130213856697083,0.3669312000274658
845,0.311797559261322,0.42636802792549133
846,0.2687251567840576,0.447394996881485
847,0.40387216210365295,0.42619386315345764
848,0.44932425022125244,0.6127064228057861
849,0.2997230291366577,0.5067910552024841
850,0.46513283252716064,0.536742627620697
851,0.49284231662750244,0.46125802397727966
852,0.3813106417655945,0.4951978027820587
853,0.407524049282074,0.44617345929145813
854,0.45476436614990234,0.44550594687461853
855,0.42854374647140503,0.36998051404953003
856,0.42928847670555115,0.37637606263160706
857,0.35930538177490234,0.4138299524784088
858,0.3503827452659607,0.3997790515422821
859,0.35180243849754333,0.3940284252166748
860,0.31668001413345337,0.49477002024650574
861,0.18953652679920197,0.4659532606601715
862,0.17797811329364777,0.33931562304496765
863,0.17140232026576996,0.27192941308021545
864,0.24653863906860352,0.4360695779323578
865,0.30929678678512573,0.4675600826740265
866,0.31127622723579407,0.44651827216148376
867,0.08222828805446625,0.2834950387477875
868,0.05773609131574631,0.21242791414260864
869,0.06043952703475952,0.16614678502082825
870,0.419884592294693,0.4813651740550995
871,0.30729660391807556,0.3773025572299957
872,0.40186649560928345,0.47704920172691345
873,0.5083563327789307,0.3946426808834076
874,0.49404191970825195,0.3865046203136444
875,0.6147432923316956,0.45733222365379333
876,0.6136713624000549,0.5275444984436035
877,0.5434950590133667,0.316545695066452
878,0.6114449501037598,0.46794459223747253
879,0.5129066109657288,0.37985312938690186
880,0.5852360725402832,0.31700795888900757
881,0.6014239192008972,0.3567776083946228
882,0.4340212941169739,0.2925774157047272
883,0.4600215554237366,0.3232995569705963
884,0.3529505133628845,0.2920103967189789
885,0.23365330696105957,0.3541094958782196
886,0.2971130311489105,0.3519487977027893
887,0.32685548067092896,0.18224221467971802
888,0.36481380462646484,0.18701568245887756
889,0.3272920250892639,0.20930060744285583
890,0.2966931462287903,0.19171705842018127
891,0.37133970856666565,0.010057978332042694
892,0.4244453012943268,0.017517179250717163
893,0.4146961271762848,0.12400417774915695
894,0.4253845810890198,-0.0020981356501579285
895,0.5202291011810303,0.10002299398183823
896,0.3623949885368347,0.05593506246805191
897,0.41767531633377075,0.15507575869560242
898,0.3587908148765564,0.03903970867395401
899,0.33449649810791016,0.03896256536245346
900,0.41007280349731445,0.19877251982688904
901,0.2871069312095642,0.09379222244024277
902,0.23541849851608276,0.08566755801439285
903,0.3058449327945709,0.1064881756901741
904,0.16095605492591858,0.135996013879776
905,0.1970786452293396,0.20066851377487183
906,0.21724477410316467,0.1373927891254425
907,0.37639570236206055,0.19044449925422668
908,0.2753017842769623,0.1908089816570282
909,0.11506330966949463,0.33068040013313293
910,0.2334194779396057,0.21706750988960266
911,0.11232313513755798,0.24300286173820496
912,0.23670917749404907,0.13469240069389343
913,0.351065069437027,0.17302921414375305
914,0.17351308465003967,0.20419242978096008
915,0.23111596703529358,0.13574433326721191
916,0.22922465205192566,0.19655507802963257
917,0.0611579567193985,0.11519963294267654
918,0.07428094744682312,0.13881376385688782
919,0.23482728004455566,0.19263991713523865
920,-0.015695396810770035,0.1342965066432953
921,0.12930290400981903,0.23247826099395752
922,0.13802888989448547,0.14687496423721313
923,0.02821563184261322,0.12454976886510849
924,0.22670811414718628,0.1312549114227295
925,0.08092628419399261,0.11171048134565353
926,0.016241244971752167,0.11963345855474472
927,0.2659270763397217,0.16087406873703003
928,0.12733374536037445,0.15163886547088623
929,-0.0682254508137703,0.10365007072687149
930,-0.06608563661575317,0.09865359216928482
931,0.18256370723247528,0.1714830994606018
932,0.15608566999435425,0.08338875323534012
933,0.04358296096324921,0.057826317846775055
934,0.2699330449104309,0.08874208480119705
935,0.07605195045471191,0.14977464079856873
936,0.2891884446144104,0.14183813333511353
937,0.2569354176521301,0.20739394426345825
938,0.12006804347038269,0.12583979964256287
939,0.26370969414711,0.17437541484832764
940,0.2776924967765808,0.19629278779029846
941,0.09864072501659393,0.1620103418827057
942,0.1324337124824524,0.1596522033214569
943,0.2370612919330597,0.10493729263544083
944,0.24078604578971863,0.12448186427354813
945,0.11181783676147461,0.14053642749786377
946,0.025679215788841248,0.13290491700172424
947,-0.08597119897603989,0.07595805078744888
948,0.24956506490707397,0.12464684993028641
949,0.025455206632614136,0.06146451085805893
950,-0.04287019371986389,0.05236149579286575
951,-0.0174131877720356,0.0887494757771492
952,-0.039323046803474426,0.14493408799171448
953,-0.028418883681297302,0.05025964230298996
954,-0.07037714868783951,0.09452622383832932
955,0.012591682374477386,0.11539051681756973
956,-0.15746961534023285,0.035713277757167816
957,-0.13501521944999695,0.053589411079883575
958,-0.0134330615401268,0.01724264770746231
959,0.27654969692230225,0.10415083914995193
960,0.013873584568500519,0.06888680905103683
961,0.02843998372554779,0.06516773253679276
962,-0.029651600867509842,0.044672705233097076
963,0.2813197374343872,0.1590094268321991
964,-0.1176886111497879,0.015516042709350586
965,-0.09992308914661407,0.042453832924366
966,0.13312199711799622,0.10503417998552322
967,-0.015384875237941742,0.10458450764417648
968,0.0783633142709732,0.18970289826393127
969,-0.036755822598934174,0.15604141354560852
970,-0.08676101267337799,0.1314200460910797
971,0.004588067531585693,0.06786168366670609
972,0.043602168560028076,0.061929382383823395
973,0.18701617419719696,0.032039716839790344
974,0.1481245458126068,0.04608794301748276
975,0.1450687050819397,0.053883351385593414
976,0.22547832131385803,0.06624912470579147
977,0.10030415654182434,0.10705236345529556
978,0.17308929562568665,0.0272565558552742
979,0.08303841948509216,0.2215328812599182
980,-0.020360350608825684,0.06039687246084213
981,0.022055238485336304,0.16559958457946777
982,0.005840163677930832,0.023972414433956146
983,0.23697146773338318,0.09774435311555862
984,0.15335214138031006,0.05679536610841751
985,0.05335406959056854,0.16156768798828125
986,0.017945006489753723,-0.02155454456806183
987,0.23998922109603882,0.04021125286817551
988,0.07471129298210144,0.07711217552423477
989,0.10254350304603577,0.1029735580086708
990,0.007690094411373138,0.08752623945474625
991,0.05509196221828461,0.0804649069905281
992,0.23577404022216797,0.07920262962579727
993,0.21262574195861816,0.14165988564491272
994,-0.035860657691955566,0.027915067970752716
995,0.1981484293937683,0.10267064720392227
996,-0.0747804120182991,0.03695271164178848
997,-0.09571707993745804,-0.0028835460543632507
998,-0.121820367872715,-0.03056887537240982
999,-0.1295699179172516,-0.07750199735164642
1000,-0.050425127148628235,-0.021860502660274506
1001,-0.13944096863269806,-0.11977638304233551
1002,0.0808468759059906,-0.06382068246603012
1003,-0.11611635982990265,-0.11681099236011505
1004,-0.06985916197299957,0.024874702095985413
1005,0.3404495418071747,0.013873115181922913
1006,0.3282528817653656,-0.08020752668380737
1007,0.10010436177253723,-0.1274067908525467
1008,0.3481922149658203,-0.015617437660694122
1009,0.26783621311187744,-0.09025601297616959
1010,0.2266509234905243,-0.07794448733329773
1011,-0.155186265707016,-0.10532935708761215
1012,-0.16915260255336761,-0.1284896284341812
1013,0.22069266438484192,-0.06679068505764008
1014,-0.02290154993534088,-0.09390713274478912
1015,0.26694899797439575,-0.0776984840631485
1016,0.1608738899230957,-0.054606471210718155
1017,0.16911230981349945,-0.09573331475257874
1018,-0.14615696668624878,-0.13161985576152802
1019,0.11871016025543213,-0.06584827601909637
1020,0.0591963529586792,-0.05508012697100639
1021,0.21922636032104492,-0.0030466094613075256
1022,0.11734522879123688,-0.015777364373207092
1023,-0.20303204655647278,-0.08961793780326843
1024,0.14122119545936584,-0.056058019399642944
1025,0.11216269433498383,-0.04084281250834465
1026,-0.17280277609825134,-0.07307738065719604
1027,0.12187205255031586,-0.027911454439163208
1028,-0.2512819766998291,-0.09915919601917267
1029,0.04392807185649872,-0.05646694079041481
1030,0.10237063467502594,-0.04555031284689903
1031,0.13864386081695557,-0.023156724870204926
1032,-0.025477943941950798,-0.07240214943885803
1033,0.21634307503700256,-0.09921446442604065
1034,0.018085509538650513,-0.0714678093791008
1035,-0.12077208608388901,-0.1043577790260315
1036,0.1471724659204483,-0.06372758746147156
1037,0.1349947154521942,-0.12900514900684357
1038,0.08099082112312317,-0.06416454911231995
1039,0.06957793980836868,-0.12173478305339813
1040,0.1484239548444748,-0.09821570664644241
1041,0.2469724416732788,-0.13612622022628784
1042,-0.19917237758636475,-0.1327793300151825
1043,-0.046280667185783386,-0.09830106794834137
1044,0.15902391076087952,-0.08778688311576843
1045,-0.25554049015045166,-0.12365458905696869
1046,-0.011274587363004684,-0.03588637709617615
1047,-0.29129844903945923,-0.11636089533567429
1048,-0.27119630575180054,-0.0975358709692955
1049,-0.12271888554096222,-0.05359585955739021
1050,-0.25657519698143005,-0.07572571188211441
1051,0.23915374279022217,0.0017368197441101074
1052,0.2532762885093689,-0.024450965225696564
1053,0.0037431083619594574,-0.11100531369447708
1054,0.20396292209625244,-0.06567343324422836
1055,-0.10613957047462463,-0.10697060823440552
1056,-0.14444755017757416,-0.127402663230896
1057,0.1939573585987091,-0.042174745351076126
1058,-0.1645476222038269,-0.11418110877275467
1059,0.20114299654960632,-0.08282646536827087
1060,-0.07231243699789047,-0.11748360097408295
1061,-0.059525154531002045,-0.0572613961994648
1062,0.05352817475795746,-0.1162000223994255
1063,-0.09098463505506516,-0.059022776782512665
1064,0.1317027509212494,0.10929826647043228
1065,-0.07216490060091019,0.06047668308019638
1066,-0.06916011869907379,0.07226768881082535
1067,-0.05440472066402435,0.08229408413171768
1068,-0.047874677926301956,0.1118614450097084
1069,0.019353553652763367,0.11729776114225388
1070,0.12895750999450684,0.1538594663143158
1071,0.18779779970645905,0.1931627094745636
1072,0.040503911674022675,0.08277938514947891
1073,0.14115729928016663,0.11379001289606094
1074,0.028628773987293243,0.11713436990976334
1075,0.21044236421585083,0.15731769800186157
1076,0.2244778275489807,0.11974609643220901
1077,0.08001087605953217,0.21106353402137756
1078,0.07470345497131348,0.08994606882333755
1079,0.12676943838596344,0.11479980498552322
1080,0.06184139847755432,0.2361186146736145
1081,0.07968193292617798,0.18802660703659058
1082,0.016588538885116577,0.1765042245388031
1083,0.006039261817932129,0.18982183933258057
1084,0.12971697747707367,0.23110881447792053
1085,0.20016461610794067,0.28809478878974915
1086,0.25758054852485657,0.1966884434223175
1087,0.40329572558403015,0.3702467083930969
1088,0.3293151259422302,0.17863082885742188
1089,0.3992900848388672,0.13528594374656677
1090,0.30784574151039124,0.158559650182724
1091,0.27619123458862305,0.11709735542535782
1092,0.3102942109107971,0.17800787091255188
1093,0.3389321565628052,0.1479957103729248
1094,0.35245847702026367,0.13211193680763245
1095,0.3670508563518524,0.052529193460941315
1096,0.43631649017333984,0.10091746598482132
1097,0.392915815114975,0.18316248059272766
1098,0.30926385521888733,-0.209575355052948
1099,0.334256649017334,-0.10724468529224396
1100,0.3682757616043091,0.025803864002227783
1101,0.354870468378067,-0.025663740932941437
1102,0.35504603385925293,0.09105897694826126
1103,0.19015197455883026,0.026893191039562225
1104,0.3790041208267212,0.16673627495765686
1105,0.19539189338684082,-0.04646867513656616
1106,0.21541747450828552,0.01423749327659607
1107,0.3184047341346741,0.12418849021196365
1108,0.34273722767829895,0.1286126971244812
1109,0.26094353199005127,0.10974407941102982
1110,0.4410877227783203,0.06832227855920792
1111,0.4614182710647583,0.17339295148849487
1112,0.3146419823169708,0.14439362287521362
1113,0.3803481459617615,0.14336884021759033
1114,0.3266494572162628,0.14761054515838623
1115,0.25858551263809204,0.15326809883117676
1116,0.2757596969604492,0.1729157269001007
1117,0.344457745552063,0.14013725519180298
1118,0.32690221071243286,0.06529972702264786
1119,0.25922292470932007,0.11114687472581863
1120,0.2992820739746094,0.17781487107276917
1121,0.27613264322280884,0.18165603280067444
1122,0.2699493169784546,0.1341387927532196
1123,0.3749205470085144,0.10167304426431656
1124,0.26036015152931213,0.03354722261428833
1125,0.07421857118606567,-0.052737172693014145
1126,0.18019017577171326,0.12430030852556229
1127,0.22847238183021545,0.12833470106124878
1128,0.28924092650413513,0.12453728169202805
1129,0.30219602584838867,0.09807679802179337
1130,0.24009406566619873,0.08035660535097122
1131,0.2480645477771759,0.06087631732225418
1132,0.2827301025390625,0.1430644690990448
1133,0.28555670380592346,0.014081433415412903
1134,0.3847372531890869,0.15377092361450195
1135,0.3788885474205017,0.11581618338823318
1136,0.39779138565063477,0.03431905061006546
1137,0.29384124279022217,-0.06035067141056061
1138,0.34869760274887085,0.1291317343711853
1139,0.37442147731781006,0.15343070030212402
1140,0.3563328683376312,0.05971617251634598
1141,0.301321804523468,0.12302347272634506
1142,0.3457708954811096,-0.031831420958042145
1143,0.26760828495025635,0.11857257038354874
1144,0.23260283470153809,0.0562552884221077
1145,0.2377241849899292,-0.015599638223648071
1146,0.2689036428928375,0.062128134071826935
1147,0.2759355902671814,0.071219302713871
1148,0.3170471787452698,0.05513570457696915
1149,0.23120993375778198,-0.02061658352613449
1150,0.20281127095222473,-0.026908133178949356
1151,0.31250259280204773,0.12133417278528214
1152,0.2637701630592346,0.1352890431880951
1153,0.313264936208725,-0.009626127779483795
1154,0.32624146342277527,0.1252976655960083
1155,0.22766950726509094,0.046927325427532196
1156,0.3096544146537781,0.17886224389076233
1157,0.24822205305099487,0.09281434863805771
1158,0.27943116426467896,-0.009650357067584991
1159,0.27244749665260315,0.23929870128631592
1160,0.3255247473716736,0.1784088909626007
1161,-0.028437219560146332,0.025028683245182037
1162,0.24691936373710632,0.06582317501306534
1163,-0.02956821769475937,0.09622905403375626
1164,0.22663146257400513,0.14052844047546387
1165,0.37929680943489075,0.22569617629051208
1166,0.29782402515411377,0.15272879600524902
1167,0.30648213624954224,0.18471229076385498
1168,0.3793915808200836,0.2592775225639343
1169,0.272350013256073,0.11183416098356247
1170,0.3427717089653015,0.2697150409221649
1171,0.2966722249984741,0.16410645842552185
1172,0.32455867528915405,0.23364096879959106
1173,0.3374197483062744,0.2669670581817627
1174,0.22424668073654175,0.12336311489343643
1175,0.2523965835571289,0.118871308863163
1176,0.29338353872299194,0.1598004400730133
1177,0.32894301414489746,0.17775502800941467
1178,0.27472740411758423,0.0598432794213295
1179,0.20745962858200073,0.014813624322414398
1180,0.23724931478500366,0.10316876322031021
1181,0.218128502368927,0.0012837350368499756
1182,0.2866487503051758,0.053044505417346954
1183,0.2957630753517151,0.029267288744449615
1184,0.31276628375053406,-0.14379741251468658
1185,0.3003440499305725,-0.13328158855438232
1186,0.25117355585098267,-0.10695279389619827
1187,0.2324349582195282,-0.02540198713541031
1188,0.22439366579055786,-0.050839249044656754
1189,0.10418713092803955,-0.03683611750602722
1190,0.21646735072135925,0.0012153908610343933
1191,0.18404531478881836,0.04800868779420853
1192,0.22497296333312988,-0.01987677812576294
1193,0.14841228723526,0.015301033854484558
1194,0.17564518749713898,0.018071375787258148
1195,0.18180468678474426,-0.04600457474589348
1196,0.10554131865501404,0.14657360315322876
1197,0.0819118320941925,0.01802413910627365
1198,0.09626002609729767,0.05607638508081436
1199,0.01001228392124176,-0.03707627207040787
1200,-0.007792621850967407,-0.021508656442165375
1201,-0.020702123641967773,-0.08389917016029358
1202,-0.02914385497570038,-0.0656624510884285
1203,-0.017398670315742493,0.010378263890743256
1204,-0.0865451991558075,-0.06253606826066971
1205,-0.13704796135425568,-0.10406313836574554
1206,-0.04006534814834595,-0.06944869458675385
1207,-0.0718747228384018,-0.07322031259536743
1208,-0.060779422521591187,-0.09919031709432602
1209,-0.142913356423378,-0.11918625980615616
1210,-0.25208985805511475,-0.10305356234312057
1211,-0.24983225762844086,-0.13434021174907684
1212,-0.0693376362323761,-0.1407662034034729
1213,-0.03011639416217804,-0.1900366246700287
1214,-0.1077253669500351,-0.16839320957660675
1215,-0.11226335167884827,-0.17912447452545166
1216,-0.22027325630187988,-0.16189101338386536
1217,-0.28963178396224976,-0.17367900907993317
1218,-0.23190927505493164,-0.1905018389225006
1219,-0.1394161880016327,-0.2021864950656891
1220,-0.15345066785812378,-0.1890241503715515
1221,-0.15804366767406464,-0.20868155360221863
1222,-0.1950756013393402,-0.18208542466163635
1223,-0.28226420283317566,-0.19229231774806976
1224,-0.2674713432788849,-0.1903209686279297
1225,-0.2735070586204529,-0.22490590810775757
1226,-0.13383476436138153,-0.20978087186813354
1227,-0.23527881503105164,-0.13449133932590485
1228,-0.14916753768920898,-0.17332667112350464
1229,-0.19511230289936066,-0.15687605738639832
1230,-0.21881866455078125,-0.1506633758544922
1231,-0.17862087488174438,-0.19166794419288635
1232,-0.1455661952495575,-0.20794548094272614
1233,-0.0797170028090477,-0.20432831346988678
1234,-0.10610540211200714,-0.19336190819740295
1235,-0.24055379629135132,-0.18357446789741516
1236,-0.21114978194236755,-0.18778303265571594
1237,-0.21367838978767395,-0.1596333384513855
1238,-0.2503895163536072,-0.19167786836624146
1239,-0.12390823662281036,-0.18911412358283997
1240,-0.24310578405857086,-0.16974513232707977
1241,-0.20806339383125305,-0.173174649477005
1242,-0.15580333769321442,-0.15995866060256958
1243,-0.3353285491466522,-0.15888711810112
1244,-0.22455185651779175,-0.16072288155555725
1245,-0.24485045671463013,-0.15393629670143127
1246,-0.20832505822181702,-0.15535536408424377
1247,-0.22114352881908417,-0.15537594258785248
1248,-0.13289988040924072,-0.17989520728588104
1249,-0.2502812445163727,-0.17548879981040955
1250,-0.021310165524482727,-0.09440077096223831
1251,-0.0075157396495342255,-0.05131965130567551
1252,0.030169375240802765,-0.0014097914099693298
1253,0.01952456682920456,-0.04317621886730194
1254,0.04138481616973877,-0.04061233997344971
1255,-0.011477865278720856,-0.10578548163175583
1256,0.011104017496109009,-0.032299645245075226
1257,-0.016791045665740967,-0.07102063298225403
1258,-0.02598029375076294,-0.05184488743543625
1259,-0.02461371198296547,-0.06714737415313721
1260,-0.05801816284656525,-0.1768668293952942
1261,-0.0670546144247055,-0.14221850037574768
1262,-0.06100567430257797,-0.14883549511432648
1263,-0.09161070734262466,-0.08692137151956558
1264,-0.09812704473733902,-0.1442648023366928
1265,-0.08833517134189606,-0.12190151959657669
1266,-0.13493654131889343,-0.1477794498205185
1267,-0.08971424400806427,-0.14834091067314148
1268,-0.06851431727409363,-0.1659356653690338
1269,-0.12173425406217575,-0.14196346700191498
1270,-0.10408107936382294,-0.1736212968826294
1271,-0.10012771934270859,-0.1598196029663086
1272,-0.07343599945306778,-0.10248317569494247
1273,-0.0738539844751358,-0.1874978244304657
1274,-0.06431393325328827,-0.0975964218378067
1275,-0.0962485745549202,-0.12702679634094238
1276,-0.05366513878107071,-0.12132840603590012
1277,-0.11968208849430084,-0.1455523669719696
1278,-0.2794315814971924,-0.08796308934688568
1279,-0.27727237343788147,-0.10584299266338348
1280,-0.10782168060541153,-0.1320820152759552
1281,-0.06183116137981415,-0.11785853654146194
1282,-0.05860130488872528,-0.141184002161026
1283,-0.07365690171718597,-0.13621212542057037
1284,-0.3725220561027527,-0.1502668857574463
1285,-0.11910996586084366,-0.15118157863616943
1286,-0.0726025328040123,-0.11657356470823288
1287,-0.1968763917684555,-0.15350118279457092
1288,-0.05986616760492325,-0.16626252233982086
1289,-0.09079014509916306,-0.13509589433670044
1290,-0.12196826934814453,-0.1336146742105484
1291,-0.08264001458883286,-0.10509588569402695
1292,-0.08472345769405365,-0.12492787837982178
1293,-0.06985488533973694,-0.13232630491256714
1294,-0.06778358668088913,-0.07287159562110901
1295,-0.12501826882362366,-0.08679670840501785
1296,-0.14679771661758423,-0.09475531429052353
1297,-0.08765202015638351,-0.05759236216545105
1298,0.011989302933216095,0.03676185756921768
1299,0.03816738724708557,0.03866776078939438
1300,-0.028822630643844604,-0.0939173474907875
1301,-0.01477108895778656,-0.06438599526882172
1302,-0.07172999531030655,-0.04617170989513397
1303,-0.18363919854164124,-0.21444526314735413
1304,-0.15603816509246826,-0.24052605032920837
1305,-0.15211251378059387,-0.24037915468215942
1306,-0.1303500533103943,-0.1625119149684906
1307,-0.13947978615760803,-0.1968013346195221
1308,-0.08388211578130722,-0.16228124499320984
1309,-0.10670123249292374,-0.16323503851890564
1310,-0.14490465819835663,-0.0783798098564148
1311,-0.1490139365196228,-0.23020324110984802
1312,-0.13632157444953918,-0.15467244386672974
1313,-0.13446174561977386,-0.20484787225723267
1314,-0.08782690763473511,-0.21654638648033142
1315,-0.03313613310456276,-0.13688114285469055
1316,0.07239659130573273,-0.04116399213671684
1317,-0.16353750228881836,-0.2224697470664978
1318,-0.17256879806518555,-0.18703985214233398
1319,-0.043819695711135864,-0.09471765160560608
1320,-0.12368910014629364,-0.0963834673166275
1321,-0.10759900510311127,-0.08942420035600662
1322,-0.09448690712451935,-0.09005500376224518
1323,-0.09147529304027557,-0.17395907640457153
1324,-0.18677639961242676,-0.16969019174575806
1325,-0.08788029849529266,-0.17008233070373535
1326,-0.1436079889535904,-0.13653050363063812
1327,0.028647512197494507,-0.14885810017585754
1328,0.12258483469486237,-0.15634524822235107
1329,0.22290420532226562,-0.13885240256786346
1330,0.19980022311210632,-0.18932905793190002
1331,0.3785492777824402,-0.1961459070444107
1332,0.05538445711135864,-0.04763593524694443
1333,0.1784948855638504,-0.1409226953983307
1334,0.08413337171077728,-0.10622002184391022
1335,0.09175124764442444,-0.08163057267665863
1336,0.04626713693141937,-0.04464089125394821
1337,0.02673448622226715,-0.14481651782989502
1338,0.019204437732696533,-0.18871569633483887
1339,0.01183532178401947,-0.15397164225578308
1340,0.0774909257888794,-0.18452751636505127
1341,0.22074991464614868,-0.13509100675582886
1342,0.22764170169830322,-0.11096034944057465
1343,0.2791758179664612,-0.10924965888261795
1344,0.2813551425933838,-0.09626726061105728
1345,0.3066372871398926,-0.08692506700754166
1346,0.3028532862663269,-0.03149964287877083
1347,0.17450495064258575,-0.0459858700633049
1348,-0.010738685727119446,-0.16702967882156372
1349,-0.02085302770137787,-0.1146601065993309
1350,0.11323769390583038,-0.05728386715054512
1351,0.355435848236084,-0.14444121718406677
1352,0.41354236006736755,-0.08762744814157486
1353,0.4175832271575928,-0.13144338130950928
1354,0.011009186506271362,-0.08360655605792999
1355,0.0778529942035675,-0.12721416354179382
1356,0.25831860303878784,-0.02573268860578537
1357,0.3417873978614807,-0.09135016798973083
1358,0.34163233637809753,-0.12166669964790344
1359,0.23589324951171875,-0.12640380859375
1360,0.19241096079349518,-0.06972542405128479
1361,0.16211825609207153,0.05188653618097305
1362,0.276113897562027,-0.048496097326278687
1363,-0.0269777774810791,-0.08046559989452362
1364,0.3404788374900818,-0.17333297431468964
1365,0.48310577869415283,-0.19220203161239624
1366,0.39647531509399414,-0.1865980327129364
1367,0.40556150674819946,-0.19889524579048157
1368,0.3564830422401428,-0.11497937887907028
1369,0.22749292850494385,-0.11834245920181274
1370,0.26231053471565247,-0.10851799696683884
1371,0.29322075843811035,-0.11974383890628815
1372,0.4177013039588928,-0.15693506598472595
1373,0.24286997318267822,-0.15385188162326813
1374,0.08557605743408203,-0.0948287844657898
1375,0.23887041211128235,-0.09239525347948074
1376,-0.0018047168850898743,-0.06648918241262436
1377,-0.04960012435913086,-0.09580708295106888
1378,0.07312783598899841,-0.12276346236467361
1379,-0.055650874972343445,-0.08181267976760864
1380,-0.03681410476565361,-0.05603468418121338
1381,-0.050268061459064484,-0.01835133135318756
1382,0.1681874543428421,-0.09277012199163437
1383,-0.05472618341445923,-0.09288869053125381
1384,-0.0006657838821411133,-0.05956409499049187
1385,-0.0389617420732975,-0.03053870052099228
1386,0.023229598999023438,-0.020102113485336304
1387,-0.05435405671596527,-0.06872253865003586
1388,0.01777035742998123,-0.02079092711210251
1389,-0.02918895334005356,-0.08201786875724792
1390,-0.027657154947519302,-0.09944336116313934
1391,-0.1564924418926239,-0.04183071851730347
1392,0.2861589193344116,-0.1090703010559082
1393,0.34134185314178467,-0.057310283184051514
1394,0.09265029430389404,-0.12676893174648285
1395,0.30930137634277344,-0.012465804815292358
1396,0.34687530994415283,-0.014355383813381195
1397,0.3749713599681854,-0.046898022294044495
1398,0.27703195810317993,-0.13522915542125702
1399,-0.04432537406682968,-0.041609980165958405
1400,0.1482473909854889,-0.14215567708015442
1401,0.15525850653648376,-0.10161421447992325
1402,0.1480550467967987,-0.03504953160881996
1403,0.3212158679962158,-0.056356050074100494
1404,0.2609880268573761,-0.009702250361442566
1405,0.35558369755744934,-0.11326621472835541
1406,0.323988676071167,-0.10745951533317566
1407,-0.008721679449081421,-0.15156583487987518
1408,0.17223164439201355,-0.17460811138153076
1409,0.2549458146095276,-0.16651369631290436
1410,0.2684665322303772,-0.12298021465539932
1411,0.27163824439048767,-0.14707842469215393
1412,0.28652849793434143,-0.10886533558368683
1413,0.2765164375305176,-0.11387002468109131
1414,0.19538073241710663,-0.11380581557750702
1415,0.25222039222717285,-0.13021062314510345
1416,0.2439410388469696,-0.12177232652902603
1417,0.2797855734825134,-0.16737473011016846
1418,0.17261803150177002,-0.16098815202713013
1419,-0.1567399501800537,-0.16735908389091492
1420,0.025321848690509796,-0.15245017409324646
1421,0.14803600311279297,-0.07132910192012787
1422,0.0435381680727005,-0.09557633101940155
1423,0.10249978303909302,-0.08194238692522049
1424,0.2128821611404419,-0.08337990939617157
1425,-0.2889983057975769,-0.146309494972229
1426,0.2822602391242981,0.016495205461978912
1427,0.21458756923675537,-0.08357714116573334
1428,-0.10305328667163849,-0.09509603679180145
1429,0.2284913957118988,0.023287393152713776
1430,0.18777361512184143,-0.04020056128501892
1431,0.15789954364299774,-0.01735857129096985
1432,0.19865885376930237,0.04297869652509689
1433,-0.1085832417011261,-0.14363032579421997
1434,0.10671815276145935,-0.09100012481212616
1435,-0.012160025537014008,-0.11817384511232376
1436,-0.21967783570289612,-0.1497981995344162
1437,0.007287904620170593,-0.08317656815052032
1438,-0.03169181942939758,-0.08762496709823608
1439,-0.19463011622428894,-0.0987236499786377
1440,-0.1680258959531784,-0.10512376576662064
1441,-0.19368155300617218,-0.09012602269649506
1442,0.009271614253520966,-0.0774565264582634
1443,0.009266018867492676,-0.04764901101589203
1444,-0.02144787460565567,-0.055391840636730194
1445,-0.05450217425823212,-0.028112903237342834
1446,-0.029904216527938843,-0.07621553540229797
1447,-0.035075314342975616,-0.08334488421678543
1448,-0.05529976636171341,-0.06760860234498978
1449,-0.0684010237455368,-0.08572185039520264
1450,-0.12468201667070389,-0.08335006982088089
1451,-0.05043350160121918,-0.0417061448097229
1452,-0.07196394354104996,-0.16227319836616516
1453,-0.11572182923555374,-0.13226251304149628
1454,-0.06234176456928253,-0.09078478813171387
1455,-0.02440919727087021,-0.12113218754529953
1456,-0.11519627273082733,-0.0989510715007782
1457,-0.08394598215818405,-0.14823929965496063
1458,-0.07370226085186005,-0.04735563322901726
1459,-0.023034095764160156,-0.05235251411795616
1460,-0.037916701287031174,-0.07716084271669388
1461,-0.10212542116641998,-0.14159569144248962
1462,-0.06540288776159286,-0.08241426944732666
1463,-0.07497768849134445,-0.09868549555540085
1464,-0.12662836909294128,-0.020595282316207886
1465,-0.22161084413528442,-0.02044311910867691
1466,-0.055692821741104126,-0.03386542946100235
1467,0.05198518931865692,0.01944296807050705
1468,-0.08769075572490692,0.010854601860046387
1469,-0.13974708318710327,-0.05440588295459747
1470,-0.03505365550518036,-0.07414941489696503
1471,0.11078274250030518,-0.06595072895288467
1472,-0.16717076301574707,-0.07329169660806656
1473,0.1367177963256836,-0.06965666264295578
1474,-0.034905046224594116,-0.042693451046943665
1475,0.0006602555513381958,-0.03184501826763153
1476,-0.2170875370502472,-0.07588432729244232
1477,0.014349982142448425,-0.0193241685628891
1478,-0.07582800835371017,-0.02872774749994278
1479,-0.001985326409339905,-0.008051477372646332
1480,-0.10743336379528046,-0.041385918855667114
1481,-0.09834542870521545,-0.029913492500782013
1482,-0.07828351855278015,-0.08283321559429169
1483,-0.23985308408737183,-0.0870644673705101
1484,-0.12337622046470642,-0.08819827437400818
1485,-0.1480100005865097,-0.07124582678079605
1486,-0.2132050096988678,-0.05987623706459999
1487,-0.040126919746398926,-0.05020944029092789
1488,-0.16305813193321228,-0.04315050691366196
1489,-0.09849275648593903,-0.059261504560709
1490,-0.04607788845896721,-0.019784733653068542
1491,0.05384240299463272,-0.021019168198108673
1492,-0.039354659616947174,-0.04634153097867966
1493,-0.23631098866462708,-0.05986453592777252
1494,-0.16942322254180908,-0.043256230652332306
1495,-0.06470070034265518,-0.017078347504138947
1496,-0.10267765820026398,-0.09045816212892532
1497,-0.18538528680801392,-0.01999540627002716
1498,-0.15909434854984283,-0.08365312963724136
1499,-0.08458038419485092,-0.07365752011537552
1500,-0.30907803773880005,-0.10197820514440536
1501,-0.11956093460321426,-0.09434391558170319
1502,-0.20188534259796143,-0.055202633142471313
1503,-0.19224780797958374,-0.05105205625295639
1504,-0.16992831230163574,-0.05280279368162155
1505,-0.13599269092082977,-0.10380557179450989
1506,-0.1421244740486145,-0.15259778499603271
1507,-0.13494639098644257,-0.11551426351070404
1508,-0.16544213891029358,-0.1467113196849823
1509,-0.11784719675779343,-0.1391960084438324
1510,0.09054306149482727,-0.05465012043714523
1511,-0.06118880212306976,-0.02084658294916153
1512,-0.12236100435256958,-0.09556717425584793
1513,-0.2280486524105072,-0.05891703814268112
1514,-0.25474807620048523,-0.07117988169193268
1515,-0.29755866527557373,-0.09205162525177002
1516,-0.003940209746360779,-0.014036767184734344
1517,0.061417900025844574,0.011501342058181763
1518,-0.07486291229724884,-0.03044639527797699
1519,-0.14251947402954102,-0.026194922626018524
1520,-0.09850987046957016,-0.029072031378746033
1521,0.05696646869182587,-0.019243009388446808
1522,-0.0454312264919281,-0.023066990077495575
1523,-0.055974457412958145,-0.0015257671475410461
1524,0.23637568950653076,0.08823070675134659
1525,0.14869341254234314,0.0547088161110878
1526,0.06948348879814148,0.03455858677625656
1527,0.10230137407779694,0.0044064149260520935
1528,-0.06523074209690094,-0.03362968564033508
1529,0.10629791021347046,0.0015440955758094788
1530,-0.16402879357337952,-0.03930074721574783
1531,-0.225366473197937,-0.04495958238840103
1532,-0.054548367857933044,-0.050547756254673004
1533,-0.21749484539031982,-0.05135415494441986
1534,-0.2091320902109146,-0.041199520230293274
1535,-0.153257817029953,-0.0963539257645607
1536,-0.19710782170295715,-0.05727838724851608
1537,-0.19397006928920746,-0.0423782542347908
1538,-0.17658329010009766,-0.04534041881561279
1539,-0.18319696187973022,-0.05056649446487427
1540,-0.1306772530078888,-0.009401850402355194
1541,-0.14475296437740326,-0.05805578827857971
1542,-0.04022078961133957,0.018247023224830627
1543,-0.011369913816452026,0.004355967044830322
1544,-0.10444188117980957,-0.041955698281526566
1545,0.04377042502164841,-0.045982927083969116
1546,0.021943069994449615,-0.014067597687244415
1547,0.15334570407867432,0.008282653987407684
1548,0.08323925733566284,-0.00032189488410949707
1549,-0.1788511723279953,-0.10391803085803986
1550,0.03889021277427673,-0.009256117045879364
1551,0.20998871326446533,0.027022451162338257
1552,0.24576151371002197,0.029751278460025787
1553,0.20314979553222656,0.06353332847356796
1554,-0.006519440561532974,-0.016262724995613098
1555,-0.056600622832775116,-0.038755863904953
1556,0.013135217130184174,0.013384275138378143
1557,0.197931170463562,0.06874511390924454
1558,0.19025661051273346,0.010990731418132782
1559,0.17580977082252502,0.06121920794248581
1560,-0.19096840918064117,-0.08738650381565094
1561,-0.09956719726324081,-0.08583465218544006
1562,0.12773939967155457,0.04005490988492966
1563,0.19892993569374084,0.03498547524213791
1564,0.19637906551361084,-0.034986935555934906
1565,-0.0708329826593399,-0.10442402213811874
1566,-0.05487193167209625,-0.04915265738964081
1567,0.04643254727125168,-0.052276961505413055
1568,-0.08213236927986145,-0.029827319085597992
1569,-0.09200248122215271,-0.03732961416244507
1570,-0.16653409600257874,-0.08319751918315887
1571,-0.010006114840507507,-0.03473353013396263
1572,-0.16725000739097595,-0.055341340601444244
1573,-0.1654236614704132,-0.03644192963838577
1574,-0.13770294189453125,-0.014887817203998566
1575,-0.08720751851797104,-0.022439725697040558
1576,-0.14621472358703613,-0.0029225125908851624
1577,-0.1902441382408142,-0.1404835432767868
1578,-0.16235531866550446,-0.09288037568330765
1579,-0.13028086721897125,-0.15454941987991333
1580,-0.07803961634635925,-0.15535011887550354
1581,-0.11806091666221619,-0.07295221835374832
1582,-0.09400255233049393,-0.04335193336009979
1583,-0.0853247344493866,-0.11947345733642578
1584,-0.10591873526573181,-0.10295137763023376
1585,-0.04792384058237076,-0.11064967513084412
1586,-0.06739001721143723,-0.10955967754125595
1587,-0.07897938787937164,-0.14993977546691895
1588,-0.08439664542675018,-0.15825240314006805
1589,-0.042872942984104156,-0.14023524522781372
1590,-0.04048451781272888,-0.1598404347896576
1591,-0.048309408128261566,-0.13558617234230042
1592,-0.08394726365804672,-0.1740574836730957
1593,-0.03951336443424225,-0.15818172693252563
1594,-0.03449518233537674,-0.17090940475463867
1595,-0.03222903609275818,-0.16996541619300842
1596,-0.04927751421928406,-0.166427880525589
1597,-0.07127223908901215,-0.19678273797035217
1598,-0.062401801347732544,-0.21274462342262268
1599,-0.052377186715602875,-0.14197714626789093
1600,-0.06565560400485992,-0.18472200632095337
1601,-0.08398553729057312,-0.18784239888191223
1602,-0.10227667540311813,-0.19603735208511353
1603,-0.07840277254581451,-0.1504279226064682
1604,-0.0651603639125824,-0.17135995626449585
1605,-0.06866021454334259,-0.1578812599182129
1606,-0.06338504701852798,-0.20264698565006256
1607,-0.07099631428718567,-0.17769622802734375
1608,-0.12274543195962906,-0.15095120668411255
1609,-0.06479595601558685,-0.1499195098876953
1610,-0.06769685447216034,-0.16635370254516602
1611,-0.18446996808052063,-0.20069357752799988
1612,-0.0765024870634079,-0.15354648232460022
1613,-0.14787335693836212,-0.18402166664600372
1614,-0.0906340554356575,-0.1914462149143219
1615,-0.18188846111297607,-0.13447801768779755
1616,-0.05693022906780243,-0.1672707200050354
1617,-0.0753806084394455,-0.14182578027248383
1618,-0.07710090279579163,-0.1762489378452301
1619,-0.12080899626016617,-0.18395376205444336
1620,-0.0714336708188057,-0.15927836298942566
1621,-0.0922795757651329,-0.16378161311149597
1622,-0.09431338310241699,-0.1861434280872345
1623,-0.08138112723827362,-0.19685989618301392
1624,-0.0697045773267746,-0.19548416137695312
1625,0.0437946617603302,-0.017712779343128204
1626,-0.09493531286716461,-0.13077068328857422
1627,-0.1326054334640503,-0.2787986993789673
1628,-0.04804222285747528,-0.21257330477237701
1629,0.17193707823753357,-0.14576196670532227
1630,0.045896418392658234,-0.16672171652317047
1631,0.1620485782623291,0.031682439148426056
1632,0.20688259601593018,-0.059079065918922424
1633,0.07222391664981842,-0.05866224318742752
1634,0.08615425229072571,-0.029334131628274918
1635,-0.04267411306500435,-0.0004023537039756775
1636,0.02310176193714142,-0.015493214130401611
1637,0.13334640860557556,0.039647601544857025
1638,0.22023841738700867,0.0338042676448822
1639,0.08734279870986938,-0.030177444219589233
1640,0.08413639664649963,0.0230245441198349
1641,0.12552154064178467,0.07936988025903702
1642,0.03733941912651062,-0.05557677894830704
1643,0.036373697221279144,-0.09399820864200592
1644,0.06790299713611603,-0.068502277135849
1645,0.10314083099365234,-0.021437905728816986
1646,0.0811680257320404,-0.025452755391597748
1647,0.044114433228969574,-0.0558476448059082
1648,0.09299524128437042,-0.04628293961286545
1649,0.09714046120643616,-0.08280757814645767
1650,0.1172420084476471,-0.056039076298475266
1651,0.11657653748989105,-0.040582865476608276
1652,0.08143149316310883,-0.06828690320253372
1653,0.06449563056230545,-0.08063247799873352
1654,0.06819457560777664,-0.02884521707892418
1655,0.0566103532910347,-0.07134408503770828
1656,0.05903443694114685,-0.031601931899785995
1657,0.03781258314847946,-0.08670724928379059
1658,0.07944121956825256,-0.05344027653336525
1659,0.11683328449726105,-0.030933521687984467
1660,0.1374889612197876,-0.12066661566495895
1661,0.1787356287240982,-0.07312309741973877
1662,0.19562864303588867,-0.05683223158121109
1663,0.15175572037696838,-0.08981694281101227
1664,0.1943444013595581,-0.09047257155179977
1665,0.25912755727767944,-0.08036452531814575
1666,0.23713207244873047,-0.09430015087127686
1667,0.26238417625427246,-0.06196603178977966
